{"cameraMode":{"drawMode":0,"name":"Shaded","section":"Shading Mode"},"sceneLighting":true,"audioPlay":false,"sceneViewState":{"m_AlwaysRefresh":false,"showFog":true,"showSkybox":true,"showFlares":true,"showImageEffects":true,"showParticleSystems":true,"showVisualEffectGraphs":true,"m_FxEnabled":true},"in2DMode":false,"pivot":{"x":-0.09615969657897949,"y":13.894026756286621,"z":-0.8292807340621948},"rotation":{"x":-0.10466799139976502,"y":0.24845510721206666,"z":-0.027016546577215196,"w":-0.9625928997993469},"size":2.734805107116699,"orthographic":false}