{"cameraMode":{"drawMode":0,"name":"Shaded","section":"Shading Mode"},"sceneLighting":true,"audioPlay":false,"sceneViewState":{"m_AlwaysRefresh":false,"showFog":true,"showSkybox":true,"showFlares":true,"showImageEffects":true,"showParticleSystems":true,"showVisualEffectGraphs":true,"m_FxEnabled":true},"in2DMode":false,"pivot":{"x":-0.11731183528900147,"y":12.80046272277832,"z":-0.9298441410064697},"rotation":{"x":-0.08362763375043869,"y":0.11690883338451386,"z":-0.009879101999104023,"w":-0.9895617961883545},"size":3.034804344177246,"orthographic":false}